{
  "ABIRoot": {
    "kind": "Root",
    "name": "MyPrivatePod",
    "printedName": "MyPrivatePod",
    "children": [
      {
        "kind": "Import",
        "name": "Foundation",
        "printedName": "Foundation",
        "declKind": "Import",
        "moduleName": "MyPrivatePod",
        "declAttributes": [
          "RawDocComment"
        ]
      },
      {
        "kind": "Import",
        "name": "UIKit",
        "printedName": "UIKit",
        "declKind": "Import",
        "moduleName": "MyPrivatePod"
      },
      {
        "kind": "TypeDecl",
        "name": "CustomView",
        "printedName": "CustomView",
        "children": [
          {
            "kind": "Constructor",
            "name": "init",
            "printedName": "init(frame:)",
            "children": [
              {
                "kind": "TypeNominal",
                "name": "CustomView",
                "printedName": "MyPrivatePod.CustomView",
                "usr": "c:@M@MyPrivatePod@objc(cs)CustomView"
              },
              {
                "kind": "TypeNominal",
                "name": "CGRect",
                "printedName": "CoreFoundation.CGRect",
                "usr": "c:@S@CGRect"
              }
            ],
            "declKind": "Constructor",
            "usr": "c:@M@MyPrivatePod@objc(cs)CustomView(im)initWithFrame:",
            "mangledName": "$s12MyPrivatePod10CustomViewC5frameACSo6CGRectV_tcfc",
            "moduleName": "MyPrivatePod",
            "overriding": true,
            "objc_name": "initWithFrame:",
            "declAttributes": [
              "Dynamic",
              "ObjC",
              "Preconcurrency",
              "Custom",
              "AccessControl",
              "Override"
            ],
            "init_kind": "Designated"
          }
        ],
        "declKind": "Class",
        "usr": "c:@M@MyPrivatePod@objc(cs)CustomView",
        "mangledName": "$s12MyPrivatePod10CustomViewC",
        "moduleName": "MyPrivatePod",
        "declAttributes": [
          "Preconcurrency",
          "Custom",
          "AccessControl",
          "IBDesignable",
          "ObjC"
        ],
        "superclassUsr": "c:objc(cs)UIView",
        "hasMissingDesignatedInitializers": true,
        "inheritsConvenienceInitializers": true,
        "superclassNames": [
          "UIKit.UIView",
          "UIKit.UIResponder",
          "ObjectiveC.NSObject"
        ],
        "conformances": [
          {
            "kind": "Conformance",
            "name": "Copyable",
            "printedName": "Copyable",
            "usr": "s:s8CopyableP",
            "mangledName": "$ss8CopyableP"
          },
          {
            "kind": "Conformance",
            "name": "Escapable",
            "printedName": "Escapable",
            "usr": "s:s9EscapableP",
            "mangledName": "$ss9EscapableP"
          },
          {
            "kind": "Conformance",
            "name": "Equatable",
            "printedName": "Equatable",
            "usr": "s:SQ",
            "mangledName": "$sSQ"
          },
          {
            "kind": "Conformance",
            "name": "Hashable",
            "printedName": "Hashable",
            "usr": "s:SH",
            "mangledName": "$sSH"
          },
          {
            "kind": "Conformance",
            "name": "CVarArg",
            "printedName": "CVarArg",
            "usr": "s:s7CVarArgP",
            "mangledName": "$ss7CVarArgP"
          },
          {
            "kind": "Conformance",
            "name": "_KeyValueCodingAndObservingPublishing",
            "printedName": "_KeyValueCodingAndObservingPublishing",
            "usr": "s:10Foundation37_KeyValueCodingAndObservingPublishingP",
            "mangledName": "$s10Foundation37_KeyValueCodingAndObservingPublishingP"
          },
          {
            "kind": "Conformance",
            "name": "_KeyValueCodingAndObserving",
            "printedName": "_KeyValueCodingAndObserving",
            "usr": "s:10Foundation27_KeyValueCodingAndObservingP",
            "mangledName": "$s10Foundation27_KeyValueCodingAndObservingP"
          },
          {
            "kind": "Conformance",
            "name": "CustomStringConvertible",
            "printedName": "CustomStringConvertible",
            "usr": "s:s23CustomStringConvertibleP",
            "mangledName": "$ss23CustomStringConvertibleP"
          },
          {
            "kind": "Conformance",
            "name": "CustomDebugStringConvertible",
            "printedName": "CustomDebugStringConvertible",
            "usr": "s:s28CustomDebugStringConvertibleP",
            "mangledName": "$ss28CustomDebugStringConvertibleP"
          },
          {
            "kind": "Conformance",
            "name": "UITraitChangeObservable",
            "printedName": "UITraitChangeObservable",
            "usr": "s:5UIKit23UITraitChangeObservableP",
            "mangledName": "$s5UIKit23UITraitChangeObservableP"
          },
          {
            "kind": "Conformance",
            "name": "__DefaultCustomPlaygroundQuickLookable",
            "printedName": "__DefaultCustomPlaygroundQuickLookable",
            "usr": "s:s38__DefaultCustomPlaygroundQuickLookableP",
            "mangledName": "$ss38__DefaultCustomPlaygroundQuickLookableP"
          }
        ]
      }
    ],
    "json_format_version": 8
  },
  "ConstValues": [
    {
      "filePath": "\/Users\/chandini\/Desktop\/MyPrivatePod\/MyPrivatePod\/CustomView.swift",
      "kind": "StringLiteral",
      "offset": 252,
      "length": 22,
      "value": "\"View from Framework!\""
    },
    {
      "filePath": "\/Users\/chandini\/Desktop\/MyPrivatePod\/MyPrivatePod\/CustomView.swift",
      "kind": "StringLiteral",
      "offset": 497,
      "length": 9,
      "value": "\"Dismiss\""
    },
    {
      "filePath": "\/Users\/chandini\/Desktop\/MyPrivatePod\/MyPrivatePod\/CustomView.swift",
      "kind": "IntegerLiteral",
      "offset": 659,
      "length": 1,
      "value": "8"
    },
    {
      "filePath": "\/Users\/chandini\/Desktop\/MyPrivatePod\/MyPrivatePod\/CustomView.swift",
      "kind": "BooleanLiteral",
      "offset": 724,
      "length": 5,
      "value": "false"
    }
  ]
}